model-gt,model,gt,mse,mae,mad
gt1-gt2,gt1,gt2,0.005228216023320586,0.04781414319084523,0.03443294944368534
gt1-gt3,gt1,gt3,0.016418942226210605,0.08559740523456116,0.06010156734126325
gt1-gt4,gt1,gt4,0.004507581093019816,0.04658201113939732,0.0341664030370136
gt2-gt3,gt2,gt3,0.013519783141196711,0.07977569841917355,0.05047977496582426
gt2-gt4,gt2,gt4,0.0010444606729792239,0.02163452941362606,0.0132061628760088
gt3-gt4,gt3,gt4,0.015493228561465497,0.08488592683502229,0.030467107879338748
