model-gt,model,gt,mse,mae,mad
gt1-gt2,gt1,gt2,0.007498203837917774,0.04971056564685054,0.026256343100343756
gt1-gt3,gt1,gt3,0.008494866295114449,0.056917061475623164,0.04203752639784173
gt1-gt4,gt1,gt4,0.006588323090911481,0.04402004903857604,0.025919925943068738
gt2-gt3,gt2,gt3,0.016729377124721723,0.08887577030390674,0.05750308059093772
gt2-gt4,gt2,gt4,0.0011606408811650141,0.023293766918923303,0.019175777964676205
gt3-gt4,gt3,gt4,0.014967671843925905,0.08100510368614602,0.030467107879338748
