Model,ScoresArray,Median,Mean,VariationField,Deviance,Variance,StandardDeviation,CoefficientVariation
gt1,"[0.025, 0.027, 0.035]",0.027,0.034,0.04,0.0008,0.0008,0.0282842712474619,
gt2,"[0.014, 0.054]",0.034,0.029,0.010000000000000002,5.6000000000000026e-05,2.8000000000000013e-05,0.005291502622129182,
gt3,"[0.042, 0.042]",0.042,0.042,0.0,0.0,0.0,0.0,
