Model,ScoresArray,Median,Mean,VariationField,Deviance,Variance,StandardDeviation,CoefficientVariation
gt1,"[0.016, 0.017, 0.032]",0.017,0.0185,0.019000000000000003,0.00018050000000000002,0.00018050000000000002,0.013435028842544404,
gt2,"[0.009, 0.028]",0.0185,0.021666666666666667,0.016,0.00016066666666666665,8.033333333333334e-05,0.008962886439832502,
gt3,"[0.029, 0.029]",0.029,0.029,0.0,0.0,0.0,0.0,
