Model,ScoresArray,Median,Mean,VariationField,Deviance,Variance,StandardDeviation,CoefficientVariation
gt1,"[0.028, 0.029, 0.053]",0.029,0.03,0.036000000000000004,0.000648,0.000648,0.02545584412271571,
gt2,"[0.012, 0.048]",0.03,0.03666666666666667,0.024999999999999998,0.0004006666666666666,0.0002003333333333333,0.014153915830374762,
gt3,"[0.043, 0.043]",0.043,0.043,0.0,0.0,0.0,0.0,
