model-gt,model,gt,mse,mae,mad
gt1-gt2,gt1,gt2,0.0021215323672240365,0.029747849199376,0.019039668651972194
gt1-gt3,gt1,gt3,0.006872532312671615,0.05339357668145607,0.0374955746139157
gt1-gt4,gt1,gt4,0.00206024056867324,0.029384874302602563,0.018402219950343218
gt2-gt3,gt2,gt3,0.005091003594573221,0.048132335778399274,0.03100121392072986
gt2-gt4,gt2,gt4,0.000777596237981283,0.015781934873213322,0.010462303014451058
gt3-gt4,gt3,gt4,0.007454076892002336,0.05794656292362807,0.02220723498848596
